sensor1.id,sensor1.carId,sensor1.carLocation,sensor1.timeValue,sensor1.pm25,sensor1.pm10,sensor1.tags,sensor1.classification
732,66-ZZ-66,41.5608 -8.3968,2020-11-25 12:50:36,6.3,10.8,"Não existência de fumo, vidros fechados, AC ligado",0
731,66-ZZ-66,41.5608 -8.3968,2020-11-25 12:50:25,6.3,10.3,"Não existência de fumo, vidros fechados, AC ligado",0
730,66-ZZ-66,41.5608 -8.3968,2020-11-25 12:50:14,6.2,8.4,"Não existência de fumo, vidros fechados, AC ligado",0
729,66-ZZ-66,41.5608 -8.3968,2020-11-25 12:50:03,6.1,8.4,"Não existência de fumo, vidros fechados, AC ligado",0
728,66-ZZ-66,41.5608 -8.3968,2020-11-25 12:49:52,6.3,8.9,"Não existência de fumo, vidros fechados, AC ligado",0
727,66-ZZ-66,41.5608 -8.3968,2020-11-25 12:49:41,6.4,10.6,"Não existência de fumo, vidros fechados, AC ligado",0
726,66-ZZ-66,41.5608 -8.3968,2020-11-25 12:49:30,6.2,10.3,"Não existência de fumo, vidros fechados, AC ligado",0
725,66-ZZ-66,41.5608 -8.3968,2020-11-25 12:49:19,6.2,10.1,"Não existência de fumo, vidros fechados, AC ligado",0
724,66-ZZ-66,41.5608 -8.3968,2020-11-25 12:49:08,6.0,7.9,"Não existência de fumo, vidros fechados, AC ligado",0
723,66-ZZ-66,41.5608 -8.3968,2020-11-25 12:48:57,5.9,8.1,"Não existência de fumo, vidros fechados, AC ligado",0
722,66-ZZ-66,41.5608 -8.3968,2020-11-25 12:48:46,5.7,8.0,"Não existência de fumo, vidros fechados, AC ligado",0
721,66-ZZ-66,41.5608 -8.3968,2020-11-25 12:48:35,5.6,8.2,"Não existência de fumo, vidros fechados, AC ligado",0
720,66-ZZ-66,41.5608 -8.3968,2020-11-25 12:48:25,5.3,8.0,"Não existência de fumo, vidros fechados, AC ligado",0
719,66-ZZ-66,41.5608 -8.3968,2020-11-25 12:48:14,4.9,8.0,"Não existência de fumo, vidros fechados, AC ligado",0
718,66-ZZ-66,41.5608 -8.3968,2020-11-25 12:48:03,4.8,8.1,"Não existência de fumo, vidros fechados, AC ligado",0
717,66-ZZ-66,41.5608 -8.3968,2020-11-25 12:47:47,4.4,6.7,"Não existência de fumo, vidros fechados, AC ligado",0
716,66-ZZ-66,41.5608 -8.3968,2020-11-25 12:47:36,4.0,6.1,"Não existência de fumo, vidros fechados, AC ligado",0
715,66-ZZ-66,41.5608 -8.3968,2020-11-25 12:47:25,3.8,6.5,"Não existência de fumo, vidros fechados, AC ligado",0
714,66-ZZ-66,41.5608 -8.3968,2020-11-25 12:47:14,3.7,6.4,"Não existência de fumo, vidros fechados, AC ligado",0
713,66-ZZ-66,41.5608 -8.3968,2020-11-25 12:47:04,3.7,6.3,"Não existência de fumo, vidros fechados, AC ligado",0
712,66-ZZ-66,41.5608 -8.3968,2020-11-25 12:46:53,3.5,5.7,"Não existência de fumo, vidros fechados, AC ligado",0
711,66-ZZ-66,41.5608 -8.3968,2020-11-25 12:46:42,3.5,6.2,"Não existência de fumo, vidros fechados, AC ligado",0
710,66-ZZ-66,41.5608 -8.3968,2020-11-25 12:46:31,3.5,6.2,"Não existência de fumo, vidros fechados, AC ligado",0
709,66-ZZ-66,41.5608 -8.3968,2020-11-25 12:46:20,3.0,5.0,"Não existência de fumo, vidros fechados, AC ligado",0
708,66-ZZ-66,41.5608 -8.3968,2020-11-25 12:46:09,2.5,3.9,"Não existência de fumo, vidros fechados, AC ligado",0
707,66-ZZ-66,41.5608 -8.3968,2020-11-25 12:45:58,2.0,4.2,"Não existência de fumo, vidros fechados, AC ligado",0
706,66-ZZ-66,41.5608 -8.3968,2020-11-25 12:45:47,1.9,4.5,"Não existência de fumo, vidros fechados, AC ligado",0
705,66-ZZ-66,41.5608 -8.3968,2020-11-25 12:45:36,1.5,3.8,"Não existência de fumo, vidros fechados, AC ligado",0
704,66-ZZ-66,41.5608 -8.3968,2020-11-25 12:45:25,1.2,3.7,"Não existência de fumo, vidros fechados, AC ligado",0
703,66-ZZ-66,41.5608 -8.3968,2020-11-25 12:45:15,1.0,2.8,"Não existência de fumo, vidros fechados, AC ligado",0
702,66-ZZ-66,41.5608 -8.3968,2020-11-25 12:45:04,1.1,3.2,"Não existência de fumo, vidros fechados, AC ligado",0
701,66-ZZ-66,41.5608 -8.3968,2020-11-25 12:44:53,1.0,1.9,"Não existência de fumo, vidros fechados, AC ligado",0
700,66-ZZ-66,41.5608 -8.3968,2020-11-25 12:44:42,1.1,1.7,"Não existência de fumo, vidros fechados, AC ligado",0
699,66-ZZ-66,41.5608 -8.3968,2020-11-25 12:44:31,1.1,2.3,"Não existência de fumo, vidros fechados, AC ligado",0
698,66-ZZ-66,41.5608 -8.3968,2020-11-25 12:44:20,1.2,2.7,"Não existência de fumo, vidros fechados, AC ligado",0
697,66-ZZ-66,41.5608 -8.3968,2020-11-25 12:44:10,1.2,2.7,"Não existência de fumo, vidros fechados, AC ligado",0
696,66-ZZ-66,41.5608 -8.3968,2020-11-25 12:43:59,1.2,2.0,"Não existência de fumo, vidros fechados, AC ligado",0
695,66-ZZ-66,41.5608 -8.3968,2020-11-25 12:43:47,1.1,1.8,"Não existência de fumo, vidros fechados, AC ligado",0
694,66-ZZ-66,41.5608 -8.3968,2020-11-25 12:43:31,1.1,2.2,"Não existência de fumo, vidros fechados, AC ligado",0
693,66-ZZ-66,41.5608 -8.3968,2020-11-25 12:43:20,1.1,2.1,"Não existência de fumo, vidros fechados, AC ligado",0
692,66-ZZ-66,41.5608 -8.3968,2020-11-25 12:43:09,1.0,1.7,"Não existência de fumo, vidros fechados, AC ligado",0
691,66-ZZ-66,41.5608 -8.3968,2020-11-25 12:42:58,0.9,1.3,"Não existência de fumo, vidros fechados, AC ligado",0
690,66-ZZ-66,41.5608 -8.3968,2020-11-25 12:42:46,1.0,1.3,"Não existência de fumo, vidros fechados, AC ligado",0
689,66-ZZ-66,41.5608 -8.3968,2020-11-25 12:42:35,1.1,1.8,"Não existência de fumo, vidros fechados, AC ligado",0
688,66-ZZ-66,41.5608 -8.3968,2020-11-25 12:42:10,1.2,3.1,"Não existência de fumo, vidros fechados, AC ligado",0
687,66-ZZ-66,41.5608 -8.3968,2020-11-25 12:41:53,1.2,3.0,"Não existência de fumo, vidros fechados, AC ligado",0
686,66-ZZ-66,41.5608 -8.3968,2020-11-25 12:41:40,1.0,2.8,"Não existência de fumo, vidros fechados, AC ligado",0
685,66-ZZ-66,41.5608 -8.3968,2020-11-25 12:41:30,1.1,4.3,"Não existência de fumo, vidros fechados, AC ligado",0
684,66-ZZ-66,41.5608 -8.3968,2020-11-25 12:41:14,1.2,3.8,"Não existência de fumo, vidros fechados, AC ligado",0
683,66-ZZ-66,41.5608 -8.3968,2020-11-25 12:41:03,1.1,2.4,"Não existência de fumo, vidros fechados, AC ligado",0
682,66-ZZ-66,41.5608 -8.3968,2020-11-25 12:40:52,1.1,1.9,"Não existência de fumo, vidros fechados, AC ligado",0
681,66-ZZ-66,41.5608 -8.3968,2020-11-25 12:40:42,1.1,2.8,"Não existência de fumo, vidros fechados, AC ligado",0
680,66-ZZ-66,41.5608 -8.3968,2020-11-25 12:40:31,1.2,2.7,"Não existência de fumo, vidros fechados, AC ligado",0
679,66-ZZ-66,41.5608 -8.3968,2020-11-25 12:40:20,1.3,2.5,"Não existência de fumo, vidros fechados, AC ligado",0
678,66-ZZ-66,41.5608 -8.3968,2020-11-25 12:40:09,1.4,3.6,"Não existência de fumo, vidros fechados, AC ligado",0
677,66-ZZ-66,41.5608 -8.3968,2020-11-25 12:39:59,1.4,3.5,"Não existência de fumo, vidros fechados, AC ligado",0
676,66-ZZ-66,41.5608 -8.3968,2020-11-25 12:39:47,1.2,3.0,"Não existência de fumo, vidros fechados, AC ligado",0
675,66-ZZ-66,41.5608 -8.3968,2020-11-25 12:39:36,1.2,2.1,"Não existência de fumo, vidros fechados, AC ligado",0
674,66-ZZ-66,41.5608 -8.3968,2020-11-25 12:39:25,1.2,2.2,"Não existência de fumo, vidros fechados, AC ligado",0
673,66-ZZ-66,41.5608 -8.3968,2020-11-25 12:39:14,1.4,2.3,"Não existência de fumo, vidros fechados, AC ligado",0
672,66-ZZ-66,41.5608 -8.3968,2020-11-25 12:39:03,1.4,2.2,"Não existência de fumo, vidros fechados, AC ligado",0
671,66-ZZ-66,41.5608 -8.3968,2020-11-25 12:38:52,1.5,2.4,"Não existência de fumo, vidros fechados, AC ligado",0
670,66-ZZ-66,41.5608 -8.3968,2020-11-25 12:38:36,1.6,2.6,"Não existência de fumo, vidros fechados, AC ligado",0
669,66-ZZ-66,41.5608 -8.3968,2020-11-25 12:38:26,1.6,2.6,"Não existência de fumo, vidros fechados, AC ligado",0
668,66-ZZ-66,41.5608 -8.3968,2020-11-25 12:38:15,1.5,2.5,"Não existência de fumo, vidros fechados, AC ligado",0
667,66-ZZ-66,41.5608 -8.3968,2020-11-25 12:38:04,1.6,2.7,"Não existência de fumo, vidros fechados, AC ligado",0
666,66-ZZ-66,41.5608 -8.3968,2020-11-25 12:37:54,1.8,3.7,"Não existência de fumo, vidros fechados, AC ligado",0
665,66-ZZ-66,41.5608 -8.3968,2020-11-25 12:37:43,2.1,3.8,"Não existência de fumo, vidros fechados, AC ligado",0
664,66-ZZ-66,41.5608 -8.3968,2020-11-25 12:37:32,2.2,4.7,"Não existência de fumo, vidros fechados, AC ligado",0
663,66-ZZ-66,41.5608 -8.3968,2020-11-25 12:37:22,2.1,5.4,"Não existência de fumo, vidros fechados, AC ligado",0
662,66-ZZ-66,41.5608 -8.3968,2020-11-25 12:37:11,2.0,5.5,"Não existência de fumo, vidros fechados, AC ligado",0
661,66-ZZ-66,41.5608 -8.3968,2020-11-25 12:37:00,1.9,5.2,"Não existência de fumo, vidros fechados, AC ligado",0
660,66-ZZ-66,41.5608 -8.3968,2020-11-25 12:36:49,2.0,4.2,"Não existência de fumo, vidros fechados, AC ligado",0
659,66-ZZ-66,41.5608 -8.3968,2020-11-25 12:36:38,2.2,4.1,"Não existência de fumo, vidros fechados, AC ligado",0
658,66-ZZ-66,41.5608 -8.3968,2020-11-25 12:36:28,2.2,4.3,"Não existência de fumo, vidros fechados, AC ligado",0
657,66-ZZ-66,41.5608 -8.3968,2020-11-25 12:36:17,2.5,4.8,"Não existência de fumo, vidros fechados, AC ligado",0
656,66-ZZ-66,41.5608 -8.3968,2020-11-25 12:36:01,2.4,5.8,"Não existência de fumo, vidros fechados, AC ligado",0
655,66-ZZ-66,41.5608 -8.3968,2020-11-25 12:35:50,2.6,5.0,"Não existência de fumo, vidros fechados, AC ligado",0
654,66-ZZ-66,41.5608 -8.3968,2020-11-25 12:35:39,2.8,5.0,"Não existência de fumo, vidros fechados, AC ligado",0
653,66-ZZ-66,41.5608 -8.3968,2020-11-25 12:35:27,3.0,5.0,"Não existência de fumo, vidros fechados, AC ligado",0
652,66-ZZ-66,41.5608 -8.3968,2020-11-25 12:35:16,3.1,5.0,"Não existência de fumo, vidros fechados, AC ligado",0
651,66-ZZ-66,41.5608 -8.3968,2020-11-25 12:35:06,3.3,5.3,"Não existência de fumo, vidros fechados, AC ligado",0
650,66-ZZ-66,41.5608 -8.3968,2020-11-25 12:34:54,3.6,6.0,"Não existência de fumo, vidros fechados, AC ligado",0
649,66-ZZ-66,41.5608 -8.3968,2020-11-25 12:34:43,4.0,6.6,"Não existência de fumo, vidros fechados, AC ligado",0
648,66-ZZ-66,41.5608 -8.3968,2020-11-25 12:34:32,4.3,6.4,"Não existência de fumo, vidros fechados, AC ligado",0
647,66-ZZ-66,41.5608 -8.3968,2020-11-25 12:34:01,5.6,8.3,"Não existência de fumo, vidros fechados, AC ligado",0
646,66-ZZ-66,41.5608 -8.3968,2020-11-25 12:33:50,6.0,8.7,"Não existência de fumo, vidros fechados, AC ligado",0
645,66-ZZ-66,41.5608 -8.3968,2020-11-25 12:33:39,6.9,9.6,"Não existência de fumo, vidros fechados, AC ligado",0
644,66-ZZ-66,41.5608 -8.3968,2020-11-25 12:33:24,8.0,10.6,"Não existência de fumo, vidros fechados, AC ligado",0
643,66-ZZ-66,41.5608 -8.3968,2020-11-25 12:33:13,8.6,10.9,"Não existência de fumo, vidros fechados, AC ligado",0
642,66-ZZ-66,41.5608 -8.3968,2020-11-25 12:33:02,9.7,11.4,"Não existência de fumo, vidros fechados, AC ligado",0
641,66-ZZ-66,41.5608 -8.3968,2020-11-25 12:32:51,10.6,12.5,"Não existência de fumo, vidros fechados, AC ligado",0
640,66-ZZ-66,41.5608 -8.3968,2020-11-25 12:32:40,11.0,12.7,"Não existência de fumo, vidros fechados, AC ligado",0
639,66-ZZ-66,41.5608 -8.3968,2020-11-25 12:32:29,10.8,12.7,"Não existência de fumo, vidros fechados, AC ligado",0
638,66-ZZ-66,41.5608 -8.3968,2020-11-25 12:32:19,10.9,12.3,"Não existência de fumo, vidros fechados, AC ligado",0
637,66-ZZ-66,41.5608 -8.3968,2020-11-25 12:32:02,11.3,13.1,"Não existência de fumo, vidros fechados, AC ligado",0
636,66-ZZ-66,41.5608 -8.3968,2020-11-25 12:31:52,11.5,12.9,"Não existência de fumo, vidros fechados, AC ligado",0
635,66-ZZ-66,41.5608 -8.3968,2020-11-25 12:31:41,11.5,12.8,"Não existência de fumo, vidros fechados, AC ligado",0
634,66-ZZ-66,41.5608 -8.3968,2020-11-25 12:31:30,11.6,13.0,"Não existência de fumo, vidros fechados, AC ligado",0
633,66-ZZ-66,41.5608 -8.3968,2020-11-25 12:31:19,11.6,13.3,"Não existência de fumo, vidros fechados, AC ligado",0
632,66-ZZ-66,41.5608 -8.3968,2020-11-25 12:31:03,12.1,13.9,"Não existência de fumo, vidros fechados, AC ligado",0
631,66-ZZ-66,41.5608 -8.3968,2020-11-25 12:30:53,12.2,13.9,"Não existência de fumo, vidros fechados, AC ligado",0
630,66-ZZ-66,41.5608 -8.3968,2020-11-25 12:30:42,12.1,13.5,"Não existência de fumo, vidros fechados, AC ligado",0
629,66-ZZ-66,41.5608 -8.3968,2020-11-25 12:30:32,12.1,14.1,"Não existência de fumo, vidros fechados, AC ligado",0
628,66-ZZ-66,41.5608 -8.3968,2020-11-25 12:30:21,12.4,14.3,"Não existência de fumo, vidros fechados, AC ligado",0
627,66-ZZ-66,41.5608 -8.3968,2020-11-25 12:30:10,12.5,15.4,"Não existência de fumo, vidros fechados, AC ligado",0
626,66-ZZ-66,41.5608 -8.3968,2020-11-25 12:29:59,12.6,16.4,"Não existência de fumo, vidros fechados, AC ligado",0
625,66-ZZ-66,41.5608 -8.3968,2020-11-25 12:29:48,12.3,17.3,"Não existência de fumo, vidros fechados, AC ligado",0
624,66-ZZ-66,41.5608 -8.3968,2020-11-25 12:29:36,12.1,15.8,"Não existência de fumo, vidros fechados, AC ligado",0
623,66-ZZ-66,41.5608 -8.3968,2020-11-25 12:29:25,12.1,16.1,"Não existência de fumo, vidros fechados, AC ligado",0
622,66-ZZ-66,41.5608 -8.3968,2020-11-25 12:29:13,11.9,14.6,"Não existência de fumo, vidros fechados, AC ligado",0
621,66-ZZ-66,41.5608 -8.3968,2020-11-25 12:29:02,11.3,13.8,"Não existência de fumo, vidros fechados, AC ligado",0
620,66-ZZ-66,41.5608 -8.3968,2020-11-25 12:28:51,10.9,13.1,"Não existência de fumo, vidros fechados, AC ligado",0
619,66-ZZ-66,41.5608 -8.3968,2020-11-25 12:28:40,10.5,13.0,"Não existência de fumo, vidros fechados, AC ligado",0
618,66-ZZ-66,41.5608 -8.3968,2020-11-25 12:28:29,10.3,13.5,"Não existência de fumo, vidros fechados, AC ligado",0
617,66-ZZ-66,41.5608 -8.3968,2020-11-25 12:28:18,10.2,12.9,"Não existência de fumo, vidros fechados, AC ligado",0
616,66-ZZ-66,41.5608 -8.3968,2020-11-25 12:28:06,10.4,13.6,"Não existência de fumo, vidros fechados, AC ligado",0
615,66-ZZ-66,41.5608 -8.3968,2020-11-25 12:27:55,10.8,14.6,"Não existência de fumo, vidros fechados, AC ligado",0
614,66-ZZ-66,41.5608 -8.3968,2020-11-25 12:27:44,10.6,14.8,"Não existência de fumo, vidros fechados, AC ligado",0
613,66-ZZ-66,41.5608 -8.3968,2020-11-25 12:27:33,10.5,14.8,"Não existência de fumo, vidros fechados, AC ligado",0
612,66-ZZ-66,41.5608 -8.3968,2020-11-25 12:27:22,9.6,13.7,"Não existência de fumo, vidros fechados, AC ligado",0
611,66-ZZ-66,41.5608 -8.3968,2020-11-25 12:27:10,9.9,13.8,"Não existência de fumo, vidros fechados, AC ligado",0
610,66-ZZ-66,41.5608 -8.3968,2020-11-25 12:27:00,9.7,13.7,"Não existência de fumo, vidros fechados, AC ligado",0
609,66-ZZ-66,41.5608 -8.3968,2020-11-25 12:26:48,9.7,13.4,"Não existência de fumo, vidros fechados, AC ligado",0
608,66-ZZ-66,41.5608 -8.3968,2020-11-25 12:26:37,9.7,12.7,"Não existência de fumo, vidros fechados, AC ligado",0
607,66-ZZ-66,41.5608 -8.3968,2020-11-25 12:26:26,10.0,14.1,"Não existência de fumo, vidros fechados, AC ligado",0
606,66-ZZ-66,41.5608 -8.3968,2020-11-25 12:26:15,10.1,14.8,"Não existência de fumo, vidros fechados, AC ligado",0
605,66-ZZ-66,41.5608 -8.3968,2020-11-25 12:26:04,10.0,15.0,"Não existência de fumo, vidros fechados, AC ligado",0
604,66-ZZ-66,41.5608 -8.3968,2020-11-25 12:25:53,9.6,13.4,"Não existência de fumo, vidros fechados, AC ligado",0
603,66-ZZ-66,41.5608 -8.3968,2020-11-25 12:25:42,9.5,12.7,"Não existência de fumo, vidros fechados, AC ligado",0
602,66-ZZ-66,41.5608 -8.3968,2020-11-25 12:25:30,9.2,13.2,"Não existência de fumo, vidros fechados, AC ligado",0
601,66-ZZ-66,41.5608 -8.3968,2020-11-25 12:25:20,9.2,14.2,"Não existência de fumo, vidros fechados, AC ligado",0
600,66-ZZ-66,41.5608 -8.3968,2020-11-25 12:25:03,8.7,13.4,"Não existência de fumo, vidros fechados, AC ligado",0
599,66-ZZ-66,41.5608 -8.3968,2020-11-25 12:24:51,8.5,12.3,"Não existência de fumo, vidros fechados, AC ligado",0
598,66-ZZ-66,41.5608 -8.3968,2020-11-25 12:24:40,8.4,11.9,"Não existência de fumo, vidros fechados, AC ligado",0
597,66-ZZ-66,41.5608 -8.3968,2020-11-25 12:24:29,8.3,12.5,"Não existência de fumo, vidros fechados, AC ligado",0
596,66-ZZ-66,41.5608 -8.3968,2020-11-25 12:24:18,7.8,12.3,"Não existência de fumo, vidros fechados, AC ligado",0
595,66-ZZ-66,41.5608 -8.3968,2020-11-25 12:24:02,7.2,12.0,"Não existência de fumo, vidros fechados, AC ligado",0
594,66-ZZ-66,41.5608 -8.3968,2020-11-25 12:23:51,7.0,11.8,"Não existência de fumo, vidros fechados, AC ligado",0
593,66-ZZ-66,41.5608 -8.3968,2020-11-25 12:23:40,6.1,11.6,"Não existência de fumo, vidros fechados, AC ligado",0
592,66-ZZ-66,41.5608 -8.3968,2020-11-25 12:23:29,5.9,11.5,"Não existência de fumo, vidros fechados, AC ligado",0
591,66-ZZ-66,41.5608 -8.3968,2020-11-25 12:23:18,5.8,11.2,"Não existência de fumo, vidros fechados, AC ligado",0
590,66-ZZ-66,41.5608 -8.3968,2020-11-25 12:23:08,6.0,11.5,"Não existência de fumo, vidros fechados, AC ligado",0
589,66-ZZ-66,41.5608 -8.3968,2020-11-25 12:22:57,6.1,10.7,"Não existência de fumo, vidros fechados, AC ligado",0
588,66-ZZ-66,41.5608 -8.3968,2020-11-25 12:22:46,8.0,12.7,"Não existência de fumo, vidros fechados, AC ligado",0
571,66-ZZ-66,41.5608 -8.3968,2020-11-25 12:14:08,3.8,8.6,"Não existência de fumo, vidros fechados, AC desligado",0
570,66-ZZ-66,41.5608 -8.3968,2020-11-25 12:13:57,3.5,6.9,"Não existência de fumo, vidros fechados, AC desligado",0
569,66-ZZ-66,41.5608 -8.3968,2020-11-25 12:13:46,3.2,7.0,"Não existência de fumo, vidros fechados, AC desligado",0
568,66-ZZ-66,41.5608 -8.3968,2020-11-25 12:13:35,3.3,7.1,"Não existência de fumo, vidros fechados, AC desligado",0
567,66-ZZ-66,41.5608 -8.3968,2020-11-25 12:13:25,3.4,9.0,"Não existência de fumo, vidros fechados, AC desligado",0
566,66-ZZ-66,41.5608 -8.3968,2020-11-25 12:13:14,3.6,9.8,"Não existência de fumo, vidros fechados, AC desligado",0
565,66-ZZ-66,41.5608 -8.3968,2020-11-25 12:13:03,3.8,9.6,"Não existência de fumo, vidros fechados, AC desligado",0
564,66-ZZ-66,41.5608 -8.3968,2020-11-25 12:12:52,3.8,8.0,"Não existência de fumo, vidros fechados, AC desligado",0
563,66-ZZ-66,41.5608 -8.3968,2020-11-25 12:12:41,3.8,8.3,"Não existência de fumo, vidros fechados, AC desligado",0
562,66-ZZ-66,41.5608 -8.3968,2020-11-25 12:12:30,3.8,9.0,"Não existência de fumo, vidros fechados, AC desligado",0
561,66-ZZ-66,41.5608 -8.3968,2020-11-25 12:12:18,3.9,9.1,"Não existência de fumo, vidros fechados, AC desligado",0
560,66-ZZ-66,41.5608 -8.3968,2020-11-25 12:12:07,3.6,7.9,"Não existência de fumo, vidros fechados, AC desligado",0
559,66-ZZ-66,41.5608 -8.3968,2020-11-25 12:11:56,3.5,8.0,"Não existência de fumo, vidros fechados, AC desligado",0
558,66-ZZ-66,41.5608 -8.3968,2020-11-25 12:11:45,3.7,7.9,"Não existência de fumo, vidros fechados, AC desligado",0
557,66-ZZ-66,41.5608 -8.3968,2020-11-25 12:11:35,3.8,8.0,"Não existência de fumo, vidros fechados, AC desligado",0
556,66-ZZ-66,41.5608 -8.3968,2020-11-25 12:11:23,3.7,8.8,"Não existência de fumo, vidros fechados, AC desligado",0
555,66-ZZ-66,41.5608 -8.3968,2020-11-25 12:11:12,3.5,9.1,"Não existência de fumo, vidros fechados, AC desligado",0
554,66-ZZ-66,41.5608 -8.3968,2020-11-25 12:11:01,3.6,9.2,"Não existência de fumo, vidros fechados, AC desligado",0
553,66-ZZ-66,41.5608 -8.3968,2020-11-25 12:10:50,4.0,9.0,"Não existência de fumo, vidros fechados, AC desligado",0
552,66-ZZ-66,41.5608 -8.3968,2020-11-25 12:10:39,3.9,9.7,"Não existência de fumo, vidros fechados, AC desligado",0
551,66-ZZ-66,41.5608 -8.3968,2020-11-25 12:10:28,3.8,8.0,"Não existência de fumo, vidros fechados, AC desligado",0
550,66-ZZ-66,41.5608 -8.3968,2020-11-25 12:10:18,3.8,7.7,"Não existência de fumo, vidros fechados, AC desligado",0
549,66-ZZ-66,41.5608 -8.3968,2020-11-25 12:10:07,3.7,7.3,"Não existência de fumo, vidros fechados, AC desligado",0
548,66-ZZ-66,41.5608 -8.3968,2020-11-25 12:09:56,3.7,8.4,"Não existência de fumo, vidros fechados, AC desligado",0
547,66-ZZ-66,41.5608 -8.3968,2020-11-25 12:09:45,3.8,8.4,"Não existência de fumo, vidros fechados, AC desligado",0
546,66-ZZ-66,41.5608 -8.3968,2020-11-25 12:09:35,3.7,7.8,"Não existência de fumo, vidros fechados, AC desligado",0
545,66-ZZ-66,41.5608 -8.3968,2020-11-25 12:09:24,3.7,10.0,"Não existência de fumo, vidros fechados, AC desligado",0
544,66-ZZ-66,41.5608 -8.3968,2020-11-25 12:09:13,3.7,10.5,"Não existência de fumo, vidros fechados, AC desligado",0
543,66-ZZ-66,41.5608 -8.3968,2020-11-25 12:09:02,3.5,8.6,"Não existência de fumo, vidros fechados, AC desligado",0
542,66-ZZ-66,41.5608 -8.3968,2020-11-25 12:08:46,3.7,16.1,"Não existência de fumo, vidros fechados, AC desligado",0
541,66-ZZ-66,41.5608 -8.3968,2020-11-25 12:08:35,3.7,16.2,"Não existência de fumo, vidros fechados, AC desligado",0
540,66-ZZ-66,41.5608 -8.3968,2020-11-25 12:08:24,3.5,7.2,"Não existência de fumo, vidros fechados, AC desligado",0
539,66-ZZ-66,41.5608 -8.3968,2020-11-25 12:08:13,3.6,7.1,"Não existência de fumo, vidros fechados, AC desligado",0
538,66-ZZ-66,41.5608 -8.3968,2020-11-25 12:08:02,3.8,7.5,"Não existência de fumo, vidros fechados, AC desligado",0
537,66-ZZ-66,41.5608 -8.3968,2020-11-25 12:07:51,3.9,7.6,"Não existência de fumo, vidros fechados, AC desligado",0
536,66-ZZ-66,41.5608 -8.3968,2020-11-25 12:07:41,3.8,9.1,"Não existência de fumo, vidros fechados, AC desligado",0
535,66-ZZ-66,41.5608 -8.3968,2020-11-25 12:07:30,3.6,8.5,"Não existência de fumo, vidros fechados, AC desligado",0
534,66-ZZ-66,41.5608 -8.3968,2020-11-25 12:07:19,3.3,8.4,"Não existência de fumo, vidros fechados, AC desligado",0
533,66-ZZ-66,41.5608 -8.3968,2020-11-25 12:07:08,3.2,6.4,"Não existência de fumo, vidros fechados, AC desligado",0
532,66-ZZ-66,41.5608 -8.3968,2020-11-25 12:06:57,8.0,11.2,"Não existência de fumo, vidros fechados, AC desligado",0
524,66-ZZ-66,41.5608 -8.3968,2020-11-25 12:05:29,10.4,15.3,"Não existência de fumo, vidros fechados, AC desligado",0
523,66-ZZ-66,41.5608 -8.3968,2020-11-25 12:05:18,10.5,14.2,"Não existência de fumo, vidros fechados, AC desligado",0
311,VP-35-44,41.5608 -8.3968,2020-11-21 13:21:33,6.8,10.4,"Não existência de fumo, vidros fechados, AC desligado",0
310,VP-35-44,41.5608 -8.3968,2020-11-21 13:21:22,6.8,10.4,"Não existência de fumo, vidros fechados, AC desligado",0
309,VP-35-44,41.5608 -8.3968,2020-11-21 13:21:11,6.8,10.4,"Não existência de fumo, vidros fechados, AC desligado",0
308,VP-35-44,41.5608 -8.3968,2020-11-21 13:21:01,6.8,10.4,"Não existência de fumo, vidros fechados, AC desligado",0
307,VP-35-44,41.5608 -8.3968,2020-11-21 13:20:50,6.8,11.6,"Não existência de fumo, vidros fechados, AC desligado",0
306,VP-35-44,41.5608 -8.3968,2020-11-21 13:20:39,6.8,11.6,"Não existência de fumo, vidros fechados, AC desligado",0
305,VP-35-44,41.5608 -8.3968,2020-11-21 13:20:27,6.8,11.6,"Não existência de fumo, vidros fechados, AC desligado",0
304,VP-35-44,41.5608 -8.3968,2020-11-21 13:20:15,6.8,11.6,"Não existência de fumo, vidros fechados, AC desligado",0
303,VP-35-44,41.5608 -8.3968,2020-11-21 13:20:04,6.8,11.6,"Não existência de fumo, vidros fechados, AC desligado",0
302,VP-35-44,41.5608 -8.3968,2020-11-21 13:19:54,6.8,11.6,"Não existência de fumo, vidros fechados, AC desligado",0
301,VP-35-44,41.5608 -8.3968,2020-11-21 13:19:43,7.2,10.9,"Não existência de fumo, vidros fechados, AC desligado",0
300,VP-35-44,41.5608 -8.3968,2020-11-21 13:19:32,7.2,10.9,"Não existência de fumo, vidros fechados, AC desligado",0
299,VP-35-44,41.5608 -8.3968,2020-11-21 13:19:22,7.2,10.9,"Não existência de fumo, vidros fechados, AC desligado",0
298,VP-35-44,41.5608 -8.3968,2020-11-21 13:19:10,7.2,10.9,"Não existência de fumo, vidros fechados, AC desligado",0
297,VP-35-44,41.5608 -8.3968,2020-11-21 13:18:58,7.2,10.9,"Não existência de fumo, vidros fechados, AC desligado",0
296,VP-35-44,41.5608 -8.3968,2020-11-21 13:18:47,6.8,11.5,"Não existência de fumo, vidros fechados, AC desligado",0
295,VP-35-44,41.5608 -8.3968,2020-11-21 13:18:36,6.8,11.5,"Não existência de fumo, vidros fechados, AC desligado",0
294,VP-35-44,41.5608 -8.3968,2020-11-21 13:18:26,6.8,11.5,"Não existência de fumo, vidros fechados, AC desligado",0
293,VP-35-44,41.5608 -8.3968,2020-11-21 13:18:15,6.8,11.5,"Não existência de fumo, vidros fechados, AC desligado",0
292,VP-35-44,41.5608 -8.3968,2020-11-21 13:18:03,6.8,11.5,"Não existência de fumo, vidros fechados, AC desligado",0
291,VP-35-44,41.5608 -8.3968,2020-11-21 13:17:52,6.7,11.1,"Não existência de fumo, vidros fechados, AC desligado",0
290,VP-35-44,41.5608 -8.3968,2020-11-21 13:17:40,6.7,11.1,"Não existência de fumo, vidros fechados, AC desligado",0
289,VP-35-44,41.5608 -8.3968,2020-11-21 13:17:29,6.7,11.1,"Não existência de fumo, vidros fechados, AC desligado",0
288,VP-35-44,41.5608 -8.3968,2020-11-21 13:17:18,6.7,11.1,"Não existência de fumo, vidros fechados, AC desligado",0
287,VP-35-44,41.5608 -8.3968,2020-11-21 13:17:07,6.7,11.1,"Não existência de fumo, vidros fechados, AC desligado",0
286,VP-35-44,41.5608 -8.3968,2020-11-21 13:16:57,6.7,11.1,"Não existência de fumo, vidros fechados, AC desligado",0
285,VP-35-44,41.5608 -8.3968,2020-11-21 13:16:45,6.8,11.7,"Não existência de fumo, vidros fechados, AC desligado",0
284,VP-35-44,41.5608 -8.3968,2020-11-21 13:16:34,6.8,11.7,"Não existência de fumo, vidros fechados, AC desligado",0
283,VP-35-44,41.5608 -8.3968,2020-11-21 13:16:23,6.8,11.7,"Não existência de fumo, vidros fechados, AC desligado",0
282,VP-35-44,41.5608 -8.3968,2020-11-21 13:16:11,6.8,11.7,"Não existência de fumo, vidros fechados, AC desligado",0
281,VP-35-44,41.5608 -8.3968,2020-11-21 13:16:01,6.8,11.7,"Não existência de fumo, vidros fechados, AC desligado",0
280,VP-35-44,41.5608 -8.3968,2020-11-21 13:15:50,6.9,11.2,"Não existência de fumo, vidros fechados, AC desligado",0
279,VP-35-44,41.5608 -8.3968,2020-11-21 13:15:38,6.9,11.2,"Não existência de fumo, vidros fechados, AC desligado",0
278,VP-35-44,41.5608 -8.3968,2020-11-21 13:15:27,6.9,11.2,"Não existência de fumo, vidros fechados, AC desligado",0
277,VP-35-44,41.5608 -8.3968,2020-11-21 13:15:16,6.9,11.2,"Não existência de fumo, vidros fechados, AC desligado",0
276,VP-35-44,41.5608 -8.3968,2020-11-21 13:15:04,6.9,11.2,"Não existência de fumo, vidros fechados, AC desligado",0
275,VP-35-44,41.5608 -8.3968,2020-11-21 13:14:52,7.2,11.6,"Não existência de fumo, vidros fechados, AC desligado",0
274,VP-35-44,41.5608 -8.3968,2020-11-21 13:14:42,7.2,11.6,"Não existência de fumo, vidros fechados, AC desligado",0
273,VP-35-44,41.5608 -8.3968,2020-11-21 13:14:30,7.2,11.6,"Não existência de fumo, vidros fechados, AC desligado",0
272,VP-35-44,41.5608 -8.3968,2020-11-21 13:14:19,7.2,11.6,"Não existência de fumo, vidros fechados, AC desligado",0
271,VP-35-44,41.5608 -8.3968,2020-11-21 13:14:08,7.2,11.6,"Não existência de fumo, vidros fechados, AC desligado",0
270,VP-35-44,41.5608 -8.3968,2020-11-21 13:13:57,7.2,11.6,"Não existência de fumo, vidros fechados, AC desligado",0
269,VP-35-44,41.5608 -8.3968,2020-11-21 13:13:46,7.3,11.7,"Não existência de fumo, vidros fechados, AC desligado",0
268,VP-35-44,41.5608 -8.3968,2020-11-21 13:13:35,7.3,11.7,"Não existência de fumo, vidros fechados, AC desligado",0
267,VP-35-44,41.5608 -8.3968,2020-11-21 13:13:24,7.3,11.7,"Não existência de fumo, vidros fechados, AC desligado",0
266,VP-35-44,41.5608 -8.3968,2020-11-21 13:13:12,7.3,11.7,"Não existência de fumo, vidros fechados, AC desligado",0
265,VP-35-44,41.5608 -8.3968,2020-11-21 13:13:01,7.3,11.7,"Não existência de fumo, vidros fechados, AC desligado",0
264,VP-35-44,41.5608 -8.3968,2020-11-21 13:12:49,7.2,11.7,"Não existência de fumo, vidros fechados, AC desligado",0
263,VP-35-44,41.5608 -8.3968,2020-11-21 13:12:38,7.2,11.7,"Não existência de fumo, vidros fechados, AC desligado",0
262,VP-35-44,41.5608 -8.3968,2020-11-21 13:12:27,7.2,11.7,"Não existência de fumo, vidros fechados, AC desligado",0
261,VP-35-44,41.5608 -8.3968,2020-11-21 13:12:16,7.2,11.7,"Não existência de fumo, vidros fechados, AC desligado",0
260,VP-35-44,41.5608 -8.3968,2020-11-21 13:12:05,7.2,11.7,"Não existência de fumo, vidros fechados, AC desligado",0
259,VP-35-44,41.5608 -8.3968,2020-11-21 13:11:54,7.2,11.7,"Não existência de fumo, vidros fechados, AC desligado",0
258,VP-35-44,41.5608 -8.3968,2020-11-21 13:11:44,7.3,13.0,"Não existência de fumo, vidros fechados, AC desligado",0
257,VP-35-44,41.5608 -8.3968,2020-11-21 13:11:33,7.3,13.0,"Não existência de fumo, vidros fechados, AC desligado",0
256,VP-35-44,41.5608 -8.3968,2020-11-21 13:11:22,7.3,13.0,"Não existência de fumo, vidros fechados, AC desligado",0
255,VP-35-44,41.5608 -8.3968,2020-11-21 13:11:11,7.3,13.0,"Não existência de fumo, vidros fechados, AC desligado",0
254,VP-35-44,41.5608 -8.3968,2020-11-21 13:11:00,7.3,13.0,"Não existência de fumo, vidros fechados, AC desligado",0
253,VP-35-44,41.5608 -8.3968,2020-11-21 13:10:50,7.6,12.4,"Não existência de fumo, vidros fechados, AC desligado",0
252,VP-35-44,41.5608 -8.3968,2020-11-21 13:10:39,7.6,12.4,"Não existência de fumo, vidros fechados, AC desligado",0
251,VP-35-44,41.5608 -8.3968,2020-11-21 13:10:28,7.6,12.4,"Não existência de fumo, vidros fechados, AC desligado",0
250,VP-35-44,41.5608 -8.3968,2020-11-21 13:10:18,7.6,12.4,"Não existência de fumo, vidros fechados, AC desligado",0
249,VP-35-44,41.5608 -8.3968,2020-11-21 13:10:07,7.6,12.4,"Não existência de fumo, vidros fechados, AC desligado",0
248,VP-35-44,41.5608 -8.3968,2020-11-21 13:09:56,7.6,12.4,"Não existência de fumo, vidros fechados, AC desligado",0
247,VP-35-44,41.5608 -8.3968,2020-11-21 13:09:45,7.5,12.0,"Não existência de fumo, vidros fechados, AC desligado",0
246,VP-35-44,41.5608 -8.3968,2020-11-21 13:09:35,7.5,12.0,"Não existência de fumo, vidros fechados, AC desligado",0
245,VP-35-44,41.5608 -8.3968,2020-11-21 13:09:24,7.5,12.0,"Não existência de fumo, vidros fechados, AC desligado",0
244,VP-35-44,41.5608 -8.3968,2020-11-21 13:09:12,7.5,12.0,"Não existência de fumo, vidros fechados, AC desligado",0
243,VP-35-44,41.5608 -8.3968,2020-11-21 13:09:02,7.5,12.0,"Não existência de fumo, vidros fechados, AC desligado",0
242,VP-35-44,41.5608 -8.3968,2020-11-21 13:08:51,7.5,12.9,"Não existência de fumo, vidros fechados, AC desligado",0
241,VP-35-44,41.5608 -8.3968,2020-11-21 13:08:40,7.5,12.9,"Não existência de fumo, vidros fechados, AC desligado",0
240,VP-35-44,41.5608 -8.3968,2020-11-21 13:08:28,7.5,12.9,"Não existência de fumo, vidros fechados, AC desligado",0
239,VP-35-44,41.5608 -8.3968,2020-11-21 13:08:17,7.5,12.9,"Não existência de fumo, vidros fechados, AC desligado",0
238,VP-35-44,41.5608 -8.3968,2020-11-21 13:08:06,7.5,12.9,"Não existência de fumo, vidros fechados, AC desligado",0
237,VP-35-44,41.5608 -8.3968,2020-11-21 13:07:55,7.5,12.9,"Não existência de fumo, vidros fechados, AC desligado",0
236,VP-35-44,41.5608 -8.3968,2020-11-21 13:07:44,7.5,12.7,"Não existência de fumo, vidros fechados, AC desligado",0
235,VP-35-44,41.5608 -8.3968,2020-11-21 13:07:33,7.5,12.7,"Não existência de fumo, vidros fechados, AC desligado",0
234,VP-35-44,41.5608 -8.3968,2020-11-21 13:07:23,7.5,12.7,"Não existência de fumo, vidros fechados, AC desligado",0
233,VP-35-44,41.5608 -8.3968,2020-11-21 13:07:12,7.5,12.7,"Não existência de fumo, vidros fechados, AC desligado",0
232,VP-35-44,41.5608 -8.3968,2020-11-21 13:07:01,7.5,12.7,"Não existência de fumo, vidros fechados, AC desligado",0
231,VP-35-44,41.5608 -8.3968,2020-11-21 13:06:50,7.5,12.0,"Não existência de fumo, vidros fechados, AC desligado",0
230,VP-35-44,41.5608 -8.3968,2020-11-21 13:06:39,7.5,12.0,"Não existência de fumo, vidros fechados, AC desligado",0
229,VP-35-44,41.5608 -8.3968,2020-11-21 13:06:29,7.5,12.0,"Não existência de fumo, vidros fechados, AC desligado",0
228,VP-35-44,41.5608 -8.3968,2020-11-21 13:06:18,7.5,12.0,"Não existência de fumo, vidros fechados, AC desligado",0
227,VP-35-44,41.5608 -8.3968,2020-11-21 13:06:07,7.5,12.0,"Não existência de fumo, vidros fechados, AC desligado",0
226,VP-35-44,41.5608 -8.3968,2020-11-21 13:05:56,7.5,12.0,"Não existência de fumo, vidros fechados, AC desligado",0
225,VP-35-44,41.5608 -8.3968,2020-11-21 13:05:46,7.8,13.5,"Não existência de fumo, vidros fechados, AC desligado",0
224,VP-35-44,41.5608 -8.3968,2020-11-21 13:05:35,7.8,13.5,"Não existência de fumo, vidros fechados, AC desligado",0
223,VP-35-44,41.5608 -8.3968,2020-11-21 13:05:24,7.8,13.5,"Não existência de fumo, vidros fechados, AC desligado",0
222,VP-35-44,41.5608 -8.3968,2020-11-21 13:05:12,7.8,13.5,"Não existência de fumo, vidros fechados, AC desligado",0
221,VP-35-44,41.5608 -8.3968,2020-11-21 13:05:01,7.8,13.5,"Não existência de fumo, vidros fechados, AC desligado",0
220,VP-35-44,41.5608 -8.3968,2020-11-21 13:04:50,7.8,13.4,"Não existência de fumo, vidros fechados, AC desligado",0
219,VP-35-44,41.5608 -8.3968,2020-11-21 13:04:38,7.8,13.4,"Não existência de fumo, vidros fechados, AC desligado",0
218,VP-35-44,41.5608 -8.3968,2020-11-21 13:04:26,7.8,13.4,"Não existência de fumo, vidros fechados, AC desligado",0
217,VP-35-44,41.5608 -8.3968,2020-11-21 13:04:15,7.8,13.4,"Não existência de fumo, vidros fechados, AC desligado",0
216,VP-35-44,41.5608 -8.3968,2020-11-21 13:04:04,7.8,13.4,"Não existência de fumo, vidros fechados, AC desligado",0
215,VP-35-44,41.5608 -8.3968,2020-11-21 13:03:53,7.8,13.4,"Não existência de fumo, vidros fechados, AC desligado",0
214,VP-35-44,41.5608 -8.3968,2020-11-21 13:03:42,8.1,13.2,"Não existência de fumo, vidros fechados, AC desligado",0
213,VP-35-44,41.5608 -8.3968,2020-11-21 13:03:31,8.1,13.2,"Não existência de fumo, vidros fechados, AC desligado",0
212,VP-35-44,41.5608 -8.3968,2020-11-21 13:03:19,8.1,13.2,"Não existência de fumo, vidros fechados, AC desligado",0
211,VP-35-44,41.5608 -8.3968,2020-11-21 13:03:08,8.1,13.2,"Não existência de fumo, vidros fechados, AC desligado",0
210,VP-35-44,41.5608 -8.3968,2020-11-21 13:02:57,8.1,13.2,"Não existência de fumo, vidros fechados, AC desligado",0
209,VP-35-44,41.5608 -8.3968,2020-11-21 13:02:46,7.5,12.9,"Não existência de fumo, vidros fechados, AC desligado",0
208,VP-35-44,41.5608 -8.3968,2020-11-21 13:02:36,7.5,12.9,"Não existência de fumo, vidros fechados, AC desligado",0
207,VP-35-44,41.5608 -8.3968,2020-11-21 13:02:25,7.5,12.9,"Não existência de fumo, vidros fechados, AC desligado",0
206,VP-35-44,41.5608 -8.3968,2020-11-21 13:02:14,7.5,12.9,"Não existência de fumo, vidros fechados, AC desligado",0
205,VP-35-44,41.5608 -8.3968,2020-11-21 13:02:03,7.5,12.9,"Não existência de fumo, vidros fechados, AC desligado",0
204,VP-35-44,41.5608 -8.3968,2020-11-21 13:01:52,7.5,12.0,"Não existência de fumo, vidros fechados, AC desligado",0
203,VP-35-44,41.5608 -8.3968,2020-11-21 13:01:41,7.5,12.0,"Não existência de fumo, vidros fechados, AC desligado",0
202,VP-35-44,41.5608 -8.3968,2020-11-21 13:01:30,7.5,12.0,"Não existência de fumo, vidros fechados, AC desligado",0
201,VP-35-44,41.5608 -8.3968,2020-11-21 13:01:19,7.5,12.0,"Não existência de fumo, vidros fechados, AC desligado",0
200,VP-35-44,41.5608 -8.3968,2020-11-21 13:01:08,7.5,12.0,"Não existência de fumo, vidros fechados, AC desligado",0
199,VP-35-44,41.5608 -8.3968,2020-11-21 13:00:57,7.5,12.0,"Não existência de fumo, vidros fechados, AC desligado",0
198,VP-35-44,41.5608 -8.3968,2020-11-21 13:00:47,8.5,13.9,"Não existência de fumo, vidros fechados, AC desligado",0
197,VP-35-44,41.5608 -8.3968,2020-11-21 13:00:36,8.5,13.9,"Não existência de fumo, vidros fechados, AC desligado",0
196,VP-35-44,41.5608 -8.3968,2020-11-21 13:00:25,8.5,13.9,"Não existência de fumo, vidros fechados, AC desligado",0
195,VP-35-44,41.5608 -8.3968,2020-11-21 13:00:14,8.5,13.9,"Não existência de fumo, vidros fechados, AC desligado",0
194,VP-35-44,41.5608 -8.3968,2020-11-21 13:00:04,8.5,13.9,"Não existência de fumo, vidros fechados, AC desligado",0
193,VP-35-44,41.5608 -8.3968,2020-11-21 12:59:52,8.1,14.1,"Não existência de fumo, vidros fechados, AC desligado",0
192,VP-35-44,41.5608 -8.3968,2020-11-21 12:59:41,8.1,14.1,"Não existência de fumo, vidros fechados, AC desligado",0
191,VP-35-44,41.5608 -8.3968,2020-11-21 12:59:30,8.1,14.1,"Não existência de fumo, vidros fechados, AC desligado",0
190,VP-35-44,41.5608 -8.3968,2020-11-21 12:59:19,8.1,14.1,"Não existência de fumo, vidros fechados, AC desligado",0
189,VP-35-44,41.5608 -8.3968,2020-11-21 12:59:08,8.1,14.1,"Não existência de fumo, vidros fechados, AC desligado",0
188,VP-35-44,41.5608 -8.3968,2020-11-21 12:58:58,8.1,14.1,"Não existência de fumo, vidros fechados, AC desligado",0
187,VP-35-44,41.5608 -8.3968,2020-11-21 12:58:46,8.1,13.5,"Não existência de fumo, vidros fechados, AC desligado",0
186,VP-35-44,41.5608 -8.3968,2020-11-21 12:58:35,8.1,13.5,"Não existência de fumo, vidros fechados, AC desligado",0
185,VP-35-44,41.5608 -8.3968,2020-11-21 12:58:24,8.1,13.5,"Não existência de fumo, vidros fechados, AC desligado",0
184,VP-35-44,41.5608 -8.3968,2020-11-21 12:58:12,8.1,13.5,"Não existência de fumo, vidros fechados, AC desligado",0
183,VP-35-44,41.5608 -8.3968,2020-11-21 12:58:01,8.1,13.5,"Não existência de fumo, vidros fechados, AC desligado",0
182,VP-35-44,41.5608 -8.3968,2020-11-21 12:57:49,8.3,14.6,"Não existência de fumo, vidros fechados, AC desligado",0
181,VP-35-44,41.5608 -8.3968,2020-11-21 12:57:37,8.3,14.6,"Não existência de fumo, vidros fechados, AC desligado",0
180,VP-35-44,41.5608 -8.3968,2020-11-21 12:57:26,8.3,14.6,"Não existência de fumo, vidros fechados, AC desligado",0
179,VP-35-44,41.5608 -8.3968,2020-11-21 12:57:15,8.3,14.6,"Não existência de fumo, vidros fechados, AC desligado",0
178,VP-35-44,41.5608 -8.3968,2020-11-21 12:57:04,8.3,14.6,"Não existência de fumo, vidros fechados, AC desligado",0
177,VP-35-44,41.5608 -8.3968,2020-11-21 12:56:54,8.3,14.6,"Não existência de fumo, vidros fechados, AC desligado",0
176,VP-35-44,41.5608 -8.3968,2020-11-21 12:56:43,8.3,13.6,"Não existência de fumo, vidros fechados, AC desligado",0
175,VP-35-44,41.5608 -8.3968,2020-11-21 12:56:32,8.3,13.6,"Não existência de fumo, vidros fechados, AC desligado",0
174,VP-35-44,41.5608 -8.3968,2020-11-21 12:56:21,8.3,13.6,"Não existência de fumo, vidros fechados, AC desligado",0
173,VP-35-44,41.5608 -8.3968,2020-11-21 12:56:10,8.3,13.6,"Não existência de fumo, vidros fechados, AC desligado",0
172,VP-35-44,41.5608 -8.3968,2020-11-21 12:56:00,8.3,13.6,"Não existência de fumo, vidros fechados, AC desligado",0
171,VP-35-44,41.5608 -8.3968,2020-11-21 12:55:49,8.1,13.7,"Não existência de fumo, vidros fechados, AC desligado",0
170,VP-35-44,41.5608 -8.3968,2020-11-21 12:55:38,8.1,13.7,"Não existência de fumo, vidros fechados, AC desligado",0
169,VP-35-44,41.5608 -8.3968,2020-11-21 12:55:27,8.1,13.7,"Não existência de fumo, vidros fechados, AC desligado",0
168,VP-35-44,41.5608 -8.3968,2020-11-21 12:55:17,8.1,13.7,"Não existência de fumo, vidros fechados, AC desligado",0
167,VP-35-44,41.5608 -8.3968,2020-11-21 12:55:06,8.1,13.7,"Não existência de fumo, vidros fechados, AC desligado",0
166,VP-35-44,41.5608 -8.3968,2020-11-21 12:54:55,8.1,13.7,"Não existência de fumo, vidros fechados, AC desligado",0
165,VP-35-44,41.5608 -8.3968,2020-11-21 12:54:45,8.8,14.9,"Não existência de fumo, vidros fechados, AC desligado",0
164,VP-35-44,41.5608 -8.3968,2020-11-21 12:54:34,8.8,14.9,"Não existência de fumo, vidros fechados, AC desligado",0
163,VP-35-44,41.5608 -8.3968,2020-11-21 12:54:23,8.8,14.9,"Não existência de fumo, vidros fechados, AC desligado",0
162,VP-35-44,41.5608 -8.3968,2020-11-21 12:54:12,8.8,14.9,"Não existência de fumo, vidros fechados, AC desligado",0
161,VP-35-44,41.5608 -8.3968,2020-11-21 12:54:02,8.8,14.9,"Não existência de fumo, vidros fechados, AC desligado",0
160,VP-35-44,41.5608 -8.3968,2020-11-21 12:53:51,8.6,14.0,"Não existência de fumo, vidros fechados, AC desligado",0
159,VP-35-44,41.5608 -8.3968,2020-11-21 12:53:40,8.6,14.0,"Não existência de fumo, vidros fechados, AC desligado",0
158,VP-35-44,41.5608 -8.3968,2020-11-21 12:53:30,8.6,14.0,"Não existência de fumo, vidros fechados, AC desligado",0
157,VP-35-44,41.5608 -8.3968,2020-11-21 12:53:19,8.6,14.0,"Não existência de fumo, vidros fechados, AC desligado",0
156,VP-35-44,41.5608 -8.3968,2020-11-21 12:53:08,8.6,14.0,"Não existência de fumo, vidros fechados, AC desligado",0
155,VP-35-44,41.5608 -8.3968,2020-11-21 12:52:57,8.6,14.0,"Não existência de fumo, vidros fechados, AC desligado",0
154,VP-35-44,41.5608 -8.3968,2020-11-21 12:52:46,8.7,14.0,"Não existência de fumo, vidros fechados, AC desligado",0
153,VP-35-44,41.5608 -8.3968,2020-11-21 12:52:36,8.7,14.0,"Não existência de fumo, vidros fechados, AC desligado",0
152,VP-35-44,41.5608 -8.3968,2020-11-21 12:52:25,8.7,14.0,"Não existência de fumo, vidros fechados, AC desligado",0
151,VP-35-44,41.5608 -8.3968,2020-11-21 12:52:14,8.7,14.0,"Não existência de fumo, vidros fechados, AC desligado",0
150,VP-35-44,41.5608 -8.3968,2020-11-21 12:52:04,8.7,14.0,"Não existência de fumo, vidros fechados, AC desligado",0
149,VP-35-44,41.5608 -8.3968,2020-11-21 12:51:53,8.5,13.6,"Não existência de fumo, vidros fechados, AC desligado",0
148,VP-35-44,41.5608 -8.3968,2020-11-21 12:51:42,8.5,13.6,"Não existência de fumo, vidros fechados, AC desligado",0
147,VP-35-44,41.5608 -8.3968,2020-11-21 12:51:30,8.5,13.6,"Não existência de fumo, vidros fechados, AC desligado",0
146,VP-35-44,41.5608 -8.3968,2020-11-21 12:51:19,8.5,13.6,"Não existência de fumo, vidros fechados, AC desligado",0
145,VP-35-44,41.5608 -8.3968,2020-11-21 12:51:08,8.5,13.6,"Não existência de fumo, vidros fechados, AC desligado",0
144,VP-35-44,41.5608 -8.3968,2020-11-21 12:50:57,8.5,13.6,"Não existência de fumo, vidros fechados, AC desligado",0
143,VP-35-44,41.5608 -8.3968,2020-11-21 12:50:47,8.8,13.8,"Não existência de fumo, vidros fechados, AC desligado",0
142,VP-35-44,41.5608 -8.3968,2020-11-21 12:50:36,8.8,13.8,"Não existência de fumo, vidros fechados, AC desligado",0
141,VP-35-44,41.5608 -8.3968,2020-11-21 12:50:24,8.8,13.8,"Não existência de fumo, vidros fechados, AC desligado",0
140,VP-35-44,41.5608 -8.3968,2020-11-21 12:50:13,8.8,13.8,"Não existência de fumo, vidros fechados, AC desligado",0
139,VP-35-44,41.5608 -8.3968,2020-11-21 12:50:02,8.8,13.8,"Não existência de fumo, vidros fechados, AC desligado",0
138,VP-35-44,41.5608 -8.3968,2020-11-21 12:49:51,8.1,13.9,"Não existência de fumo, vidros fechados, AC desligado",0
137,VP-35-44,41.5608 -8.3968,2020-11-21 12:49:41,8.1,13.9,"Não existência de fumo, vidros fechados, AC desligado",0
136,VP-35-44,41.5608 -8.3968,2020-11-21 12:49:30,8.1,13.9,"Não existência de fumo, vidros fechados, AC desligado",0
135,VP-35-44,41.5608 -8.3968,2020-11-21 12:49:19,8.1,13.9,"Não existência de fumo, vidros fechados, AC desligado",0
122,VP-35-44,41.5608 -8.3968,2020-11-21 12:41:57,9.9,15.4,"Não existência de fumo, vidros abertos, AC desligado",0
121,VP-35-44,41.5608 -8.3968,2020-11-21 12:41:46,9.7,17.1,"Não existência de fumo, vidros abertos, AC desligado",0
120,VP-35-44,41.5608 -8.3968,2020-11-21 12:41:36,9.7,17.1,"Não existência de fumo, vidros abertos, AC desligado",0
119,VP-35-44,41.5608 -8.3968,2020-11-21 12:41:25,9.7,17.1,"Não existência de fumo, vidros abertos, AC desligado",0
118,VP-35-44,41.5608 -8.3968,2020-11-21 12:41:14,9.7,17.1,"Não existência de fumo, vidros abertos, AC desligado",0
117,VP-35-44,41.5608 -8.3968,2020-11-21 12:41:04,9.7,17.1,"Não existência de fumo, vidros abertos, AC desligado",0
116,VP-35-44,41.5608 -8.3968,2020-11-21 12:40:53,12.3,19.9,"Não existência de fumo, vidros abertos, AC desligado",0
115,VP-35-44,41.5608 -8.3968,2020-11-21 12:40:42,12.3,19.9,"Não existência de fumo, vidros abertos, AC desligado",0
114,VP-35-44,41.5608 -8.3968,2020-11-21 12:40:31,12.3,19.9,"Não existência de fumo, vidros abertos, AC desligado",0
113,VP-35-44,41.5608 -8.3968,2020-11-21 12:40:21,12.3,19.9,"Não existência de fumo, vidros abertos, AC desligado",0
112,VP-35-44,41.5608 -8.3968,2020-11-21 12:40:10,12.3,19.9,"Não existência de fumo, vidros abertos, AC desligado",0
111,VP-35-44,41.5608 -8.3968,2020-11-21 12:39:59,12.3,19.9,"Não existência de fumo, vidros abertos, AC desligado",0
110,VP-35-44,41.5608 -8.3968,2020-11-21 12:37:28,11.7,22.2,"Não existência de fumo, vidros abertos, AC desligado",0
109,VP-35-44,41.5608 -8.3968,2020-11-21 12:37:18,11.7,22.2,"Não existência de fumo, vidros abertos, AC desligado",0
108,VP-35-44,41.5608 -8.3968,2020-11-21 12:37:07,11.7,22.2,"Não existência de fumo, vidros abertos, AC desligado",0
107,VP-35-44,41.5608 -8.3968,2020-11-21 12:36:56,11.7,22.2,"Não existência de fumo, vidros abertos, AC desligado",0
106,VP-35-44,41.5608 -8.3968,2020-11-21 12:36:45,13.9,29.2,"Não existência de fumo, vidros abertos, AC desligado",0
105,VP-35-44,41.5608 -8.3968,2020-11-21 12:36:34,13.9,29.2,"Não existência de fumo, vidros abertos, AC desligado",0
104,VP-35-44,41.5608 -8.3968,2020-11-21 12:36:22,13.9,29.2,"Não existência de fumo, vidros abertos, AC desligado",0
103,VP-35-44,41.5608 -8.3968,2020-11-21 12:36:11,13.9,29.2,"Não existência de fumo, vidros abertos, AC desligado",0
102,VP-35-44,41.5608 -8.3968,2020-11-21 12:36:01,13.9,29.2,"Não existência de fumo, vidros abertos, AC desligado",0
101,VP-35-44,41.5608 -8.3968,2020-11-21 12:35:50,14.1,27.1,"Não existência de fumo, vidros abertos, AC desligado",0
100,VP-35-44,41.5608 -8.3968,2020-11-21 12:35:39,14.1,27.1,"Não existência de fumo, vidros abertos, AC desligado",0
99,VP-35-44,41.5608 -8.3968,2020-11-21 12:35:28,14.1,27.1,"Não existência de fumo, vidros abertos, AC desligado",0
98,VP-35-44,41.5608 -8.3968,2020-11-21 12:35:17,14.1,27.1,"Não existência de fumo, vidros abertos, AC desligado",0
97,VP-35-44,41.5608 -8.3968,2020-11-21 12:35:06,14.1,27.1,"Não existência de fumo, vidros abertos, AC desligado",0
96,VP-35-44,41.5608 -8.3968,2020-11-21 12:34:56,14.1,27.1,"Não existência de fumo, vidros abertos, AC desligado",0
95,VP-35-44,41.5608 -8.3968,2020-11-21 12:34:45,18.0,39.9,"Não existência de fumo, vidros abertos, AC desligado",0
94,VP-35-44,41.5608 -8.3968,2020-11-21 12:34:34,18.0,39.9,"Não existência de fumo, vidros abertos, AC desligado",0
93,VP-35-44,41.5608 -8.3968,2020-11-21 12:34:24,18.0,39.9,"Não existência de fumo, vidros abertos, AC desligado",0
92,VP-35-44,41.5608 -8.3968,2020-11-21 12:34:13,18.0,39.9,"Não existência de fumo, vidros abertos, AC desligado",0
91,VP-35-44,41.5608 -8.3968,2020-11-21 12:34:02,18.0,39.9,"Não existência de fumo, vidros abertos, AC desligado",0
90,VP-35-44,41.5608 -8.3968,2020-11-21 12:33:52,15.6,42.4,"Não existência de fumo, vidros abertos, AC desligado",0
89,VP-35-44,41.5608 -8.3968,2020-11-21 12:33:41,15.6,42.4,"Não existência de fumo, vidros abertos, AC desligado",0
88,VP-35-44,41.5608 -8.3968,2020-11-21 12:33:30,15.6,42.4,"Não existência de fumo, vidros abertos, AC desligado",0
87,VP-35-44,41.5608 -8.3968,2020-11-21 12:33:19,15.6,42.4,"Não existência de fumo, vidros abertos, AC desligado",0
86,VP-35-44,41.5608 -8.3968,2020-11-21 12:33:09,15.6,42.4,"Não existência de fumo, vidros abertos, AC desligado",0
85,VP-35-44,41.5608 -8.3968,2020-11-21 12:32:57,15.6,42.4,"Não existência de fumo, vidros abertos, AC desligado",0
84,VP-35-44,41.5608 -8.3968,2020-11-21 12:32:45,17.4,34.4,"Não existência de fumo, vidros abertos, AC desligado",0
83,VP-35-44,41.5608 -8.3968,2020-11-21 12:32:34,17.4,34.4,"Não existência de fumo, vidros abertos, AC desligado",0
82,VP-35-44,41.5608 -8.3968,2020-11-21 12:32:23,17.4,34.4,"Não existência de fumo, vidros abertos, AC desligado",0
81,VP-35-44,41.5608 -8.3968,2020-11-21 12:32:13,17.4,34.4,"Não existência de fumo, vidros abertos, AC desligado",0
80,VP-35-44,41.5608 -8.3968,2020-11-21 12:32:02,17.4,34.4,"Não existência de fumo, vidros abertos, AC desligado",0
79,VP-35-44,41.5608 -8.3968,2020-11-21 12:31:50,16.0,33.5,"Não existência de fumo, vidros abertos, AC desligado",0
78,VP-35-44,41.5608 -8.3968,2020-11-21 12:31:39,16.0,33.5,"Não existência de fumo, vidros abertos, AC desligado",0
77,VP-35-44,41.5608 -8.3968,2020-11-21 12:31:28,16.0,33.5,"Não existência de fumo, vidros abertos, AC desligado",0
76,VP-35-44,41.5608 -8.3968,2020-11-21 12:31:18,16.0,33.5,"Não existência de fumo, vidros abertos, AC desligado",0
75,VP-35-44,41.5608 -8.3968,2020-11-21 12:31:07,16.0,33.5,"Não existência de fumo, vidros abertos, AC desligado",0
74,VP-35-44,41.5608 -8.3968,2020-11-21 12:30:55,16.0,33.5,"Não existência de fumo, vidros abertos, AC desligado",0
73,VP-35-44,41.5608 -8.3968,2020-11-21 12:30:44,13.2,26.6,"Não existência de fumo, vidros abertos, AC desligado",0
72,VP-35-44,41.5608 -8.3968,2020-11-21 12:30:33,13.2,26.6,"Não existência de fumo, vidros abertos, AC desligado",0
71,VP-35-44,41.5608 -8.3968,2020-11-21 12:30:23,13.2,26.6,"Não existência de fumo, vidros abertos, AC desligado",0
70,VP-35-44,41.5608 -8.3968,2020-11-21 12:30:11,13.2,26.6,"Não existência de fumo, vidros abertos, AC desligado",0
69,VP-35-44,41.5608 -8.3968,2020-11-21 12:29:59,13.2,26.6,"Não existência de fumo, vidros abertos, AC desligado",0
68,VP-35-44,41.5608 -8.3968,2020-11-21 12:28:44,10.2,16.7,"Não existência de fumo, vidros abertos, AC desligado",0
67,VP-35-44,41.5608 -8.3968,2020-11-21 12:28:33,10.2,16.7,"Não existência de fumo, vidros abertos, AC desligado",0
66,VP-35-44,41.5608 -8.3968,2020-11-21 12:28:22,10.2,16.7,"Não existência de fumo, vidros abertos, AC desligado",0
65,VP-35-44,41.5608 -8.3968,2020-11-21 12:28:10,10.2,16.7,"Não existência de fumo, vidros abertos, AC desligado",0
64,VP-35-44,41.5608 -8.3968,2020-11-21 12:27:59,10.2,16.7,"Não existência de fumo, vidros abertos, AC desligado",0
63,VP-35-44,41.5608 -8.3968,2020-11-21 12:27:48,15.7,20.0,"Não existência de fumo, vidros abertos, AC desligado",0
62,VP-35-44,41.5608 -8.3968,2020-11-21 12:27:37,15.7,20.0,"Não existência de fumo, vidros abertos, AC desligado",0
61,VP-35-44,41.5608 -8.3968,2020-11-21 12:27:26,15.7,20.0,"Não existência de fumo, vidros abertos, AC desligado",0
60,VP-35-44,41.5608 -8.3968,2020-11-21 12:27:15,15.7,20.0,"Não existência de fumo, vidros abertos, AC desligado",0
59,VP-35-44,41.5608 -8.3968,2020-11-21 12:26:56,15.7,20.0,"Não existência de fumo, vidros abertos, AC desligado",0
58,VP-35-44,41.5608 -8.3968,2020-11-21 12:26:45,8.4,14.4,"Não existência de fumo, vidros abertos, AC desligado",0
57,VP-35-44,41.5608 -8.3968,2020-11-21 12:26:34,8.4,14.4,"Não existência de fumo, vidros abertos, AC desligado",0
56,VP-35-44,41.5608 -8.3968,2020-11-21 12:26:24,8.4,14.4,"Não existência de fumo, vidros abertos, AC desligado",0
55,VP-35-44,41.5608 -8.3968,2020-11-21 12:26:12,8.4,14.4,"Não existência de fumo, vidros abertos, AC desligado",0
54,VP-35-44,41.5608 -8.3968,2020-11-21 12:26:01,8.4,14.4,"Não existência de fumo, vidros abertos, AC desligado",0
53,VP-35-44,41.5608 -8.3968,2020-11-21 12:25:51,7.8,13.6,"Não existência de fumo, vidros abertos, AC desligado",0
52,VP-35-44,41.5608 -8.3968,2020-11-21 12:25:39,7.8,13.6,"Não existência de fumo, vidros abertos, AC desligado",0
51,VP-35-44,41.5608 -8.3968,2020-11-21 12:25:28,7.8,13.6,"Não existência de fumo, vidros abertos, AC desligado",0
50,VP-35-44,41.5608 -8.3968,2020-11-21 12:25:17,7.8,13.6,"Não existência de fumo, vidros abertos, AC desligado",0
49,VP-35-44,41.5608 -8.3968,2020-11-21 12:25:07,7.8,13.6,"Não existência de fumo, vidros abertos, AC desligado",0
